timestamp,region,source,mw_hat,mw_lo,mw_hi
2025-11-01 00:00:00+00:00,North,Solar,17.634833494426957,14.69814778792034,20.001647720329412
2025-11-01 01:00:00+00:00,North,Solar,19.798631142750825,16.609028215162013,21.864001564483328
2025-11-01 02:00:00+00:00,North,Solar,20.308070663465802,16.02180099830629,23.250509521130002
2025-11-01 03:00:00+00:00,North,Solar,24.029791952483638,21.571420270730084,28.54742207101829
2025-11-01 04:00:00+00:00,North,Solar,26.07135436820505,22.366224358443628,29.64438964558753
2025-11-01 05:00:00+00:00,North,Solar,30.033842214422783,25.650150636707238,32.005761008704965
2025-11-01 06:00:00+00:00,North,Solar,28.533392809644894,25.166567660685292,30.52422090399426
2025-11-01 07:00:00+00:00,North,Solar,27.29247689071641,24.886349278737185,29.803185802027482
2025-11-01 08:00:00+00:00,North,Solar,26.354630668612216,24.283052797802892,28.83171205918717
2025-11-01 09:00:00+00:00,North,Solar,23.639896069812455,19.15809552617002,26.32973755599238
2025-11-01 10:00:00+00:00,North,Solar,22.187482449017427,20.633517778992196,25.81795459606673
2025-11-01 11:00:00+00:00,North,Solar,20.418317755368882,17.678915794740053,24.107607622748816
2025-11-01 12:00:00+00:00,North,Solar,17.93498683754314,15.511869258834245,20.27661795964209
2025-11-01 13:00:00+00:00,North,Solar,17.335582532927184,14.813322655864798,19.968333793714063
2025-11-01 14:00:00+00:00,North,Solar,17.095673907448287,15.181520216593478,19.83222957988508
2025-11-01 15:00:00+00:00,North,Solar,16.811794429493307,13.932062151203283,18.72513815848601
2025-11-01 16:00:00+00:00,North,Solar,17.60292796621143,15.086689800250237,19.593491281282958
2025-11-01 17:00:00+00:00,North,Solar,17.72095717855159,15.100302161408658,19.312840290555076
2025-11-01 18:00:00+00:00,North,Solar,18.092266719932987,15.024792934909497,20.31429890032023
2025-11-01 19:00:00+00:00,North,Solar,18.616229912962698,15.074923080197227,20.005763313117267
2025-11-01 20:00:00+00:00,North,Solar,18.48390156754285,16.851985206745113,21.49524128051498
2025-11-01 21:00:00+00:00,North,Solar,18.092754081609733,15.893855812657176,20.26059648653062
2025-11-01 22:00:00+00:00,North,Solar,17.2644211116845,14.560906241904146,19.05261237365021
2025-11-01 23:00:00+00:00,North,Solar,17.551798586006182,15.275321495200828,19.158051988518686
2025-11-02 00:00:00+00:00,North,Solar,16.36747138265698,14.398181080972888,19.135239650661113
2025-11-02 01:00:00+00:00,North,Solar,18.394955606085087,15.887767170363373,21.078957907333894
2025-11-02 02:00:00+00:00,North,Solar,19.95362172312186,18.214745165584322,23.71653586389047
2025-11-02 03:00:00+00:00,North,Solar,23.35760667472594,22.430703163707364,28.73123155012641
2025-11-02 04:00:00+00:00,North,Solar,24.420604139569672,22.42304093437935,28.57564051517745
2025-11-02 05:00:00+00:00,North,Solar,25.682931390966242,24.06322886484171,28.971504825350394
2025-11-02 06:00:00+00:00,North,Solar,26.397160397587736,23.28585062759371,29.512681108182534
2025-11-02 07:00:00+00:00,North,Solar,26.5366716682788,23.680223981464106,29.77012855475659
2025-11-02 08:00:00+00:00,North,Solar,23.841726807619583,22.006339780146977,28.052561451007456
2025-11-02 09:00:00+00:00,North,Solar,21.967209097938326,20.59736455547561,26.08713182634427
2025-11-02 10:00:00+00:00,North,Solar,19.836823808801103,15.897753326225612,22.338872316401908
2025-11-02 11:00:00+00:00,North,Solar,19.59377645834087,16.19087342324567,22.199072535546122
2025-11-02 12:00:00+00:00,North,Solar,16.90270329595955,15.393423817052842,20.497776643052447
2025-11-02 13:00:00+00:00,North,Solar,16.757963638030724,14.334002651346577,19.18704130828045
2025-11-02 14:00:00+00:00,North,Solar,16.65632783117823,14.385997694831296,19.30104535794502
2025-11-02 15:00:00+00:00,North,Solar,16.70486386810779,16.12219930326352,21.15212603783341
2025-11-02 16:00:00+00:00,North,Solar,17.60499656435775,16.073375883078217,21.614934847014286
2025-11-02 17:00:00+00:00,North,Solar,16.37727309801968,14.43100399528712,19.488806595691898
2025-11-02 18:00:00+00:00,North,Solar,16.78538200301319,15.111217418702267,19.49561917530734
2025-11-02 19:00:00+00:00,North,Solar,16.815713394194677,15.65088058979265,20.488639714264632
2025-11-02 20:00:00+00:00,North,Solar,17.01012766106566,15.17471279906939,18.500653994094275
2025-11-02 21:00:00+00:00,North,Solar,16.529396487978754,15.385912730942792,18.841622406269902
2025-11-02 22:00:00+00:00,North,Solar,17.224750155926674,14.833294365225566,18.99385492937601
2025-11-02 23:00:00+00:00,North,Solar,16.70579030228685,14.53164330124598,18.644098622975623
2025-11-03 00:00:00+00:00,North,Solar,16.594520344758045,14.799103358403821,19.279369513961782
2025-11-03 01:00:00+00:00,North,Solar,19.175707849853094,16.926095982322337,21.38680563961402
2025-11-03 02:00:00+00:00,North,Solar,22.754774278102477,21.471247748352866,28.2021583243486
2025-11-03 03:00:00+00:00,North,Solar,22.898976859701634,19.205648465743558,26.774332294300887
2025-11-03 04:00:00+00:00,North,Solar,23.878842033246645,22.087440654464174,28.35455423188683
2025-11-03 05:00:00+00:00,North,Solar,26.828031038828094,23.871830902301486,30.07629335062651
2025-11-03 06:00:00+00:00,North,Solar,27.14291248136969,22.75621810398003,29.238886106282806
2025-11-03 07:00:00+00:00,North,Solar,26.690265181381587,23.956992987439936,29.228677802828347
2025-11-03 08:00:00+00:00,North,Solar,24.348780058588105,23.17687022926752,27.988271247134644
2025-11-03 09:00:00+00:00,North,Solar,22.223012767269843,20.63873894366375,26.121862886145312
2025-11-03 10:00:00+00:00,North,Solar,20.894254426407112,18.36866311021943,25.081866294064028
2025-11-03 11:00:00+00:00,North,Solar,19.835960770051496,17.050577526273333,23.531381850538274
2025-11-03 12:00:00+00:00,North,Solar,16.83378895604087,15.220484920501113,20.601175146382836
2025-11-03 13:00:00+00:00,North,Solar,19.237435417524242,17.601312311047373,23.272820419215392
2025-11-03 14:00:00+00:00,North,Solar,16.581435182364647,14.518731473122152,20.702760740895712
2025-11-03 15:00:00+00:00,North,Solar,16.68221214136061,14.27266872315155,19.562107296824042
2025-11-03 16:00:00+00:00,North,Solar,17.267085375388938,16.641242604619208,21.61482417542903
2025-11-03 17:00:00+00:00,North,Solar,16.970699839238645,15.635950646281746,21.354427130255285
2025-11-03 18:00:00+00:00,North,Solar,17.150457575498717,14.318841999130832,19.809809476793305
2025-11-03 19:00:00+00:00,North,Solar,16.974433854370716,14.27615030434623,19.262530758156423
2025-11-03 20:00:00+00:00,North,Solar,17.006329648503982,13.915633116356698,18.61017246016886
2025-11-03 21:00:00+00:00,North,Solar,16.675196345798298,14.234623547913625,18.63180495215637
2025-11-03 22:00:00+00:00,North,Solar,16.884524831216474,14.359359732242352,19.01955011311812
2025-11-03 23:00:00+00:00,North,Solar,17.943595433678894,14.732231439495138,19.43039654642199
2025-11-04 00:00:00+00:00,North,Solar,18.456523209301007,15.067957918666037,20.97477204540557
2025-11-04 01:00:00+00:00,North,Solar,18.87162138115334,15.619937319549498,20.84059371277247
2025-11-04 02:00:00+00:00,North,Solar,24.385244995296674,19.852689691384967,26.447696013072832
2025-11-04 03:00:00+00:00,North,Solar,27.48131378885701,23.722173795296673,29.8885262164261
2025-11-04 04:00:00+00:00,North,Solar,32.191434933642135,27.62857099831081,32.80495530660487
2025-11-04 05:00:00+00:00,North,Solar,34.06061092642733,29.20549834093538,35.21174883062403
2025-11-04 06:00:00+00:00,North,Solar,36.358154130474674,29.325040929591577,37.627361036760654
2025-11-04 07:00:00+00:00,North,Solar,30.97134316979175,27.619729034542722,32.08682092457247
2025-11-04 08:00:00+00:00,North,Solar,33.591541164154265,28.69021994963839,35.53379774720768
2025-11-04 09:00:00+00:00,North,Solar,28.230708975044255,25.260959520800714,29.99086751211577
2025-11-04 10:00:00+00:00,North,Solar,23.884648239516952,21.679689119896707,26.494751814418812
2025-11-04 11:00:00+00:00,North,Solar,20.226569902760577,17.439462092629956,24.198907407011266
2025-11-04 12:00:00+00:00,North,Solar,17.363157028491,15.291860200001343,20.09512626309468
2025-11-04 13:00:00+00:00,North,Solar,17.572419624738423,15.510702718682001,19.14099332256705
2025-11-04 14:00:00+00:00,North,Solar,16.870702662195946,14.627951179528152,19.24949703716436
2025-11-04 15:00:00+00:00,North,Solar,17.048507875860626,14.710003594259138,19.37480238858783
2025-11-04 16:00:00+00:00,North,Solar,16.244177503494978,15.61126944840716,20.698651990708537
2025-11-04 17:00:00+00:00,North,Solar,16.242605998405622,14.896433518292117,19.413778296372044
2025-11-04 18:00:00+00:00,North,Solar,17.467126648136695,16.257174863342,21.154008862882392
2025-11-04 19:00:00+00:00,North,Solar,16.468923913773516,14.403758639026943,19.470139825019842
2025-11-04 20:00:00+00:00,North,Solar,16.374690129497015,14.402313930851765,18.824187323774645
2025-11-04 21:00:00+00:00,North,Solar,16.224162645224467,14.415706092420585,18.85751672053533
2025-11-04 22:00:00+00:00,North,Solar,16.48708206217099,14.62824917033705,18.644695998362774
2025-11-04 23:00:00+00:00,North,Solar,17.086348964608582,15.456512771892124,19.66783964736774
2025-11-05 00:00:00+00:00,North,Solar,17.325307521828158,15.425637263185717,19.756584000757574
2025-11-05 01:00:00+00:00,North,Solar,19.246062232584705,16.414725025770203,21.347350649281882
2025-11-05 02:00:00+00:00,North,Solar,23.614298448561303,21.27124258510597,27.735210260310392
2025-11-05 03:00:00+00:00,North,Solar,27.965552755132975,24.46103595674785,30.32003545144468
2025-11-05 04:00:00+00:00,North,Solar,33.70010294575848,28.179082645294894,35.983634600878396
2025-11-05 05:00:00+00:00,North,Solar,35.60380532512345,29.534395260186987,37.5410318819511
2025-11-05 06:00:00+00:00,North,Solar,35.71020412379981,29.534395260186987,37.50731197679864
2025-11-05 07:00:00+00:00,North,Solar,35.21444855751781,29.534395260186987,37.19886425137791
2025-11-05 08:00:00+00:00,North,Solar,35.13438935891802,29.534395260186987,37.37001360251546
2025-11-05 09:00:00+00:00,North,Solar,30.884975641451348,27.405213846836627,32.32779889094104
2025-11-05 10:00:00+00:00,North,Solar,26.430674324600304,24.81175706515633,29.061876978865318
2025-11-05 11:00:00+00:00,North,Solar,23.42234979209454,21.17187771980895,27.49339192281562
2025-11-05 12:00:00+00:00,North,Solar,18.96119030180271,15.731019254171965,21.43498714168667
2025-11-05 13:00:00+00:00,North,Solar,16.800647173233763,15.17434094809038,20.724626917257677
2025-11-05 14:00:00+00:00,North,Solar,16.797089628297584,14.747179000116233,19.536981018062605
2025-11-05 15:00:00+00:00,North,Solar,16.949999765861687,15.13084771445933,19.747945095199686
2025-11-05 16:00:00+00:00,North,Solar,16.81963503569386,16.038657755454103,21.244585588912688
2025-11-05 17:00:00+00:00,North,Solar,17.72280810700011,16.460741216402575,21.697977813291317
2025-11-05 18:00:00+00:00,North,Solar,16.961624906914704,14.781487164051013,19.691159215182292
2025-11-05 19:00:00+00:00,North,Solar,16.688965549475306,14.625756430411839,19.505145954799044
2025-11-05 20:00:00+00:00,North,Solar,17.35243828656787,14.585495474799721,19.3102417105211
2025-11-05 21:00:00+00:00,North,Solar,17.171970342392513,14.756273506184087,19.4182433502148
2025-11-05 22:00:00+00:00,North,Solar,17.48398696139977,14.600673038397609,18.833105913255167
2025-11-05 23:00:00+00:00,North,Solar,18.379509417913017,15.198688638090495,20.01962588422257
2025-11-06 00:00:00+00:00,North,Solar,16.84154712977207,14.672939404451846,20.172904695044497
2025-11-06 01:00:00+00:00,North,Solar,19.117944831215212,16.424707911197583,20.963950027801797
2025-11-06 02:00:00+00:00,North,Solar,25.856951208324084,22.590813298449262,29.688464521688772
2025-11-06 03:00:00+00:00,North,Solar,28.777703016152785,23.63533033337794,31.094287420159798
2025-11-06 04:00:00+00:00,North,Solar,35.10531654714714,28.63079691633094,37.24095619490208
2025-11-06 05:00:00+00:00,North,Solar,37.123255700693626,29.62449393661633,38.70725684697109
2025-11-06 06:00:00+00:00,North,Solar,37.38719999909353,29.59987155623496,39.0691122625721
2025-11-06 07:00:00+00:00,North,Solar,37.557274727126455,29.61901545287203,39.000740695638804
2025-11-06 08:00:00+00:00,North,Solar,36.81298541478627,29.61901545287203,38.42675572327465
2025-11-06 09:00:00+00:00,North,Solar,32.7028243538591,29.297573596162664,33.861527875434106
2025-11-06 10:00:00+00:00,North,Solar,26.145795951489077,23.805036773306224,28.94253881287753
2025-11-06 11:00:00+00:00,North,Solar,24.80967537158328,21.517328272502056,28.062254741313204
2025-11-06 12:00:00+00:00,North,Solar,18.670343243586263,16.343969072701864,21.875935537432238
2025-11-06 13:00:00+00:00,North,Solar,16.94157231661339,14.890699179613364,20.065827314301433
2025-11-06 14:00:00+00:00,North,Solar,16.84997509975041,14.789559946429215,19.39293734746337
2025-11-06 15:00:00+00:00,North,Solar,17.057510848803364,14.882087562960928,19.586611637402378
2025-11-06 16:00:00+00:00,North,Solar,16.990333128232102,15.203424247626394,19.641306352016873
2025-11-06 17:00:00+00:00,North,Solar,17.706262921744596,16.41866201974766,21.05914788770347
2025-11-06 18:00:00+00:00,North,Solar,16.570704895410177,16.417840546014013,21.523360201429252
2025-11-06 19:00:00+00:00,North,Solar,16.658856293176797,14.92802505536394,20.21767962516165
2025-11-06 20:00:00+00:00,North,Solar,16.670480906808233,16.114979334457242,20.611572655160195
2025-11-06 21:00:00+00:00,North,Solar,16.31062165258692,15.070929376973682,19.334258715378613
2025-11-06 22:00:00+00:00,North,Solar,16.51752998481199,15.052576668069397,18.766326541844837
2025-11-06 23:00:00+00:00,North,Solar,17.388270693301646,17.227372831997986,21.342798012460687
2025-11-07 00:00:00+00:00,North,Solar,16.941239610300453,14.769108750980454,19.226448679992497
2025-11-07 01:00:00+00:00,North,Solar,18.689375551071958,18.066283532611386,21.49176175552014
2025-11-07 02:00:00+00:00,North,Solar,22.682784105398714,20.21252243656393,26.235852781789223
2025-11-07 03:00:00+00:00,North,Solar,27.950964779976125,25.29704914901239,30.90982128043231
2025-11-07 04:00:00+00:00,North,Solar,31.208982368727963,27.994807899791628,32.557582890717086
2025-11-07 05:00:00+00:00,North,Solar,32.09026478178807,28.717192742401483,34.34221401926012
2025-11-07 06:00:00+00:00,North,Solar,31.994145923521998,28.734354930673977,33.29137836969316
2025-11-07 07:00:00+00:00,North,Solar,31.815663974102485,28.744267579431657,33.50697809507719
2025-11-07 08:00:00+00:00,North,Solar,31.102365465967722,27.20937929009972,32.9832588886528
2025-11-07 09:00:00+00:00,North,Solar,26.901511750982255,25.396728842742085,29.26855007603569
2025-11-07 10:00:00+00:00,North,Solar,23.67389610316058,21.66215228553475,26.083468155918094
2025-11-07 11:00:00+00:00,North,Solar,22.980260946791887,20.134331248317686,25.413377234672634
2025-11-07 12:00:00+00:00,North,Solar,18.402588804168506,16.221719617013964,21.391086615077214
2025-11-07 13:00:00+00:00,North,Solar,17.192166403074236,15.167177803671589,20.650347888437715
2025-11-07 14:00:00+00:00,North,Solar,17.203081574282624,15.13065557334662,19.572873747807474
2025-11-07 15:00:00+00:00,North,Solar,16.9725945186989,14.871556366410253,19.38338530451171
2025-11-07 16:00:00+00:00,North,Solar,17.218795398835617,14.735821890508278,19.586147292991146
2025-11-07 17:00:00+00:00,North,Solar,16.90003188249596,14.831666401359096,19.44442174521977
2025-11-07 18:00:00+00:00,North,Solar,16.662946985701044,15.800937838041321,21.21335785982344
2025-11-07 19:00:00+00:00,North,Solar,19.731193242837644,18.053737972196675,23.72512979054739
2025-11-07 20:00:00+00:00,North,Solar,17.669925592395327,15.252806906836804,19.8379475909353
2025-11-07 21:00:00+00:00,North,Solar,16.76824157360215,15.981884956285365,20.977857932202237
2025-11-07 22:00:00+00:00,North,Solar,17.073675700717658,14.848364491667956,19.27178418802765
2025-11-07 23:00:00+00:00,North,Solar,17.48798356918469,14.9683597489483,19.509519066195317
2025-11-01 00:00:00+00:00,West,Solar,17.890235478970748,16.133809761444237,20.83559839592334
2025-11-01 01:00:00+00:00,West,Solar,20.005725443677047,16.970181598266223,22.100532785909284
2025-11-01 02:00:00+00:00,West,Solar,22.05321746164043,19.163214223503054,23.710357197953034
2025-11-01 03:00:00+00:00,West,Solar,25.940042850829496,23.517516481877454,28.84893811350188
2025-11-01 04:00:00+00:00,West,Solar,25.318391966824038,21.704915708852194,27.407307722924696
2025-11-01 05:00:00+00:00,West,Solar,26.766152195046164,23.661157552881054,28.465013994081694
2025-11-01 06:00:00+00:00,West,Solar,29.129797373289417,24.661760059077455,31.914120594228734
2025-11-01 07:00:00+00:00,West,Solar,27.928612233178892,23.399314010457644,28.88656261905817
2025-11-01 08:00:00+00:00,West,Solar,28.715162531649245,24.78531605592,31.508297820410778
2025-11-01 09:00:00+00:00,West,Solar,23.969560381710544,21.256161580480246,26.113179072310412
2025-11-01 10:00:00+00:00,West,Solar,20.57775250958899,17.224743575735026,23.953747692982915
2025-11-01 11:00:00+00:00,West,Solar,19.339338954687367,16.45330844359114,23.552857567647898
2025-11-01 12:00:00+00:00,West,Solar,17.594187170506242,15.349178294804137,20.30329213424351
2025-11-01 13:00:00+00:00,West,Solar,17.51723350577833,14.940837764738422,19.59920270677957
2025-11-01 14:00:00+00:00,West,Solar,17.38054988576864,15.346453748966036,19.382308864267745
2025-11-01 15:00:00+00:00,West,Solar,16.742432945994402,14.691520037289717,20.348158944090375
2025-11-01 16:00:00+00:00,West,Solar,17.758214076141286,14.936441888509,20.288414926373935
2025-11-01 17:00:00+00:00,West,Solar,17.120883724611677,15.884455065472894,20.705804977979714
2025-11-01 18:00:00+00:00,West,Solar,17.488567864213714,17.033078613302305,21.280139825263912
2025-11-01 19:00:00+00:00,West,Solar,16.85069516642359,14.653832377905506,19.048523740712675
2025-11-01 20:00:00+00:00,West,Solar,16.611184922948862,14.979695925637735,20.319295023674794
2025-11-01 21:00:00+00:00,West,Solar,18.268459078079104,17.45415020460432,22.1053443350129
2025-11-01 22:00:00+00:00,West,Solar,16.89922983164656,15.484223093364767,21.340774082815297
2025-11-01 23:00:00+00:00,West,Solar,17.433520716956355,15.453907861013194,20.402930012036798
2025-11-02 00:00:00+00:00,West,Solar,18.187087913428055,15.886397320217466,19.596875893596952
2025-11-02 01:00:00+00:00,West,Solar,21.348253306590674,18.175584625937656,23.702861401620048
2025-11-02 02:00:00+00:00,West,Solar,21.306674438651235,19.361210397116835,25.924507916090413
2025-11-02 03:00:00+00:00,West,Solar,22.84494276236918,20.35960061225361,26.21258110300367
2025-11-02 04:00:00+00:00,West,Solar,25.13205442066262,21.84774883376977,28.159444213578432
2025-11-02 05:00:00+00:00,West,Solar,25.868164696800847,22.526582573184722,27.567971023124585
2025-11-02 06:00:00+00:00,West,Solar,26.040999108589165,24.09988263448946,28.477809734492784
2025-11-02 07:00:00+00:00,West,Solar,26.65060661135041,24.357153966629586,29.18029908564938
2025-11-02 08:00:00+00:00,West,Solar,24.981450362297398,22.61527733053959,27.27919786696299
2025-11-02 09:00:00+00:00,West,Solar,21.79869868491059,18.39953519327179,24.373148869841252
2025-11-02 10:00:00+00:00,West,Solar,19.822162016204675,17.246600181833625,23.318726110349264
2025-11-02 11:00:00+00:00,West,Solar,18.6434420494615,16.200556117272534,21.12651202728021
2025-11-02 12:00:00+00:00,West,Solar,19.37434335004217,17.298274193217484,22.72977888692916
2025-11-02 13:00:00+00:00,West,Solar,18.1170909893016,15.433750843255632,20.407263057218504
2025-11-02 14:00:00+00:00,West,Solar,17.600442524862782,14.373025984743894,19.62551091245471
2025-11-02 15:00:00+00:00,West,Solar,18.550689772298767,16.34799565143206,22.572728726869773
2025-11-02 16:00:00+00:00,West,Solar,18.687261736785967,15.363617879486268,20.89188158948997
2025-11-02 17:00:00+00:00,West,Solar,18.008128561854356,16.71974793585796,20.937631401863317
2025-11-02 18:00:00+00:00,West,Solar,17.53574531121433,15.377150279457883,19.767575934385395
2025-11-02 19:00:00+00:00,West,Solar,18.308024789760392,16.58682614316134,20.631433799134605
2025-11-02 20:00:00+00:00,West,Solar,17.452055560035543,15.6444077390005,20.026439828411164
2025-11-02 21:00:00+00:00,West,Solar,17.50635647289775,15.384024136053123,19.318213041697177
2025-11-02 22:00:00+00:00,West,Solar,17.541352595933738,15.515748151186797,19.272504790471636
2025-11-02 23:00:00+00:00,West,Solar,17.06676070551382,15.561501177410811,19.396355879407466
2025-11-03 00:00:00+00:00,West,Solar,17.227640226818632,15.32971005086571,20.46815769100643
2025-11-03 01:00:00+00:00,West,Solar,20.97367063174131,18.036086693027848,25.194928174327018
2025-11-03 02:00:00+00:00,West,Solar,23.881801751671407,20.569301814034986,26.773583279204946
2025-11-03 03:00:00+00:00,West,Solar,25.117674953489875,20.82992740850729,27.59962883903932
2025-11-03 04:00:00+00:00,West,Solar,27.97264110357226,24.277393196984523,29.246031703322267
2025-11-03 05:00:00+00:00,West,Solar,29.584310721627705,25.187940096194083,31.463981608115812
2025-11-03 06:00:00+00:00,West,Solar,32.152507433873694,27.336961588627595,33.78189959373807
2025-11-03 07:00:00+00:00,West,Solar,28.022661011849344,23.95296394232104,29.852079098678878
2025-11-03 08:00:00+00:00,West,Solar,27.32618272993755,24.342420208219902,28.79267971441255
2025-11-03 09:00:00+00:00,West,Solar,25.133806344477055,22.759504251234603,27.037800846362753
2025-11-03 10:00:00+00:00,West,Solar,22.692330780460257,19.812591562718133,25.11732328236223
2025-11-03 11:00:00+00:00,West,Solar,21.85454483284179,19.573362263549203,24.632174352968338
2025-11-03 12:00:00+00:00,West,Solar,18.264308427578435,15.953223232453237,21.2690691362666
2025-11-03 13:00:00+00:00,West,Solar,17.254197208151723,16.2866550222539,20.00916586570666
2025-11-03 14:00:00+00:00,West,Solar,17.081017941829852,16.572879835762972,20.728157218321233
2025-11-03 15:00:00+00:00,West,Solar,17.309646718518945,17.320477192742842,20.685257899057607
2025-11-03 16:00:00+00:00,West,Solar,17.410331524611927,15.393279212261358,19.32130254320287
2025-11-03 17:00:00+00:00,West,Solar,16.664262386429144,15.652877350870039,19.350901164447624
2025-11-03 18:00:00+00:00,West,Solar,17.18559848942441,14.194505199524908,19.430638234400575
2025-11-03 19:00:00+00:00,West,Solar,16.672624462910612,15.140445412805686,19.937585907864236
2025-11-03 20:00:00+00:00,West,Solar,17.33901604463263,14.717420884628142,19.662282089896337
2025-11-03 21:00:00+00:00,West,Solar,16.701402980863715,15.153479380883935,19.389899466498274
2025-11-03 22:00:00+00:00,West,Solar,17.06665071908929,14.25021221962431,19.602501168525343
2025-11-03 23:00:00+00:00,West,Solar,17.26770925382252,14.71640044024638,19.504424385446438
2025-11-04 00:00:00+00:00,West,Solar,18.265522628014022,15.489788935284997,20.315833480447665
2025-11-04 01:00:00+00:00,West,Solar,21.499456664866294,17.44417285999411,23.50776655074458
2025-11-04 02:00:00+00:00,West,Solar,24.27655905758769,20.692447548843525,27.094645467915033
2025-11-04 03:00:00+00:00,West,Solar,28.122324343645747,23.911142521904118,29.575695926093406
2025-11-04 04:00:00+00:00,West,Solar,31.247581256326345,26.519823545623215,32.165967750322075
2025-11-04 05:00:00+00:00,West,Solar,32.657599968534406,28.43358018769223,34.14589090018497
2025-11-04 06:00:00+00:00,West,Solar,34.6358905149684,29.935090591668114,35.38458601862347
2025-11-04 07:00:00+00:00,West,Solar,36.09699571854456,30.09946043533074,36.9402330363404
2025-11-04 08:00:00+00:00,West,Solar,34.46905788254587,29.364113405590587,35.542672279042705
2025-11-04 09:00:00+00:00,West,Solar,30.116295603488464,27.213303457296025,32.0654516936424
2025-11-04 10:00:00+00:00,West,Solar,24.7482452003236,23.372674194128326,28.028794549415725
2025-11-04 11:00:00+00:00,West,Solar,20.170706651883577,17.689541453154256,23.902059161064624
2025-11-04 12:00:00+00:00,West,Solar,18.765722448893634,16.71632665107155,22.47789077074728
2025-11-04 13:00:00+00:00,West,Solar,17.693914002518504,15.278070872188483,19.459220911660182
2025-11-04 14:00:00+00:00,West,Solar,17.073547991501474,15.842024951676258,19.394198795264685
2025-11-04 15:00:00+00:00,West,Solar,17.82087157877992,15.301692039211941,19.226803115546414
2025-11-04 16:00:00+00:00,West,Solar,17.16457067959437,15.492157979058632,20.02541210394596
2025-11-04 17:00:00+00:00,West,Solar,17.768649996360267,15.470697581718404,19.588451497184124
2025-11-04 18:00:00+00:00,West,Solar,16.674077458339266,14.465170074484686,19.50062969262271
2025-11-04 19:00:00+00:00,West,Solar,18.077291052825846,15.826967306109244,20.165073168711228
2025-11-04 20:00:00+00:00,West,Solar,15.882285481779897,14.914623680280533,20.203402337922647
2025-11-04 21:00:00+00:00,West,Solar,16.538826434545467,14.960521068130037,19.557939274018494
2025-11-04 22:00:00+00:00,West,Solar,16.664315402398664,15.079207202672597,20.210994156384107
2025-11-04 23:00:00+00:00,West,Solar,16.411124443693424,13.925527830761654,19.53849728663948
2025-11-05 00:00:00+00:00,West,Solar,16.75670092266971,13.946341499828756,19.623825302481556
2025-11-05 01:00:00+00:00,West,Solar,22.85148339536155,18.943842017997817,24.720245830645663
2025-11-05 02:00:00+00:00,West,Solar,27.03531943475381,23.095755190950303,28.84897208220766
2025-11-05 03:00:00+00:00,West,Solar,32.27992950260123,26.586988041530866,33.49798488218623
2025-11-05 04:00:00+00:00,West,Solar,33.60558025585793,28.66202531184319,34.23608682113894
2025-11-05 05:00:00+00:00,West,Solar,36.77610367279922,30.096870089829025,37.95266617812677
2025-11-05 06:00:00+00:00,West,Solar,37.087782814649394,30.096870089829025,38.963932431180005
2025-11-05 07:00:00+00:00,West,Solar,37.42564665184813,30.096870089829025,39.05708556281207
2025-11-05 08:00:00+00:00,West,Solar,34.070730608813506,29.327213499889385,35.5870560722921
2025-11-05 09:00:00+00:00,West,Solar,32.897603816281574,28.7328378981661,34.37763600118109
2025-11-05 10:00:00+00:00,West,Solar,26.493517481537843,23.571896813745358,27.80984641457985
2025-11-05 11:00:00+00:00,West,Solar,20.607906714808877,18.675431694432167,25.062567512139022
2025-11-05 12:00:00+00:00,West,Solar,18.669566119818366,15.82235437922406,21.62332697587521
2025-11-05 13:00:00+00:00,West,Solar,17.237252977198185,15.816141954994333,19.78735291540694
2025-11-05 14:00:00+00:00,West,Solar,17.976483130401665,15.484560584683406,20.06709516249835
2025-11-05 15:00:00+00:00,West,Solar,17.601259935109887,15.732104281743586,20.343828551795838
2025-11-05 16:00:00+00:00,West,Solar,17.390193421827146,15.693289759020002,19.81163581299039
2025-11-05 17:00:00+00:00,West,Solar,17.583279589807855,15.53500757981056,19.99875097640858
2025-11-05 18:00:00+00:00,West,Solar,17.250683772756013,15.242160957471258,19.81861130229155
2025-11-05 19:00:00+00:00,West,Solar,17.337419880422303,14.766074968001032,19.808358133278553
2025-11-05 20:00:00+00:00,West,Solar,16.299698160986996,14.140878933817458,19.451067100374434
2025-11-05 21:00:00+00:00,West,Solar,17.80078893040328,15.04708468504224,19.903508538273734
2025-11-05 22:00:00+00:00,West,Solar,18.2084644816286,15.974436600762326,20.40832334849652
2025-11-05 23:00:00+00:00,West,Solar,17.33288925902713,15.456270149697174,19.541843163966572
2025-11-06 00:00:00+00:00,West,Solar,19.954006475915396,17.717885741539195,23.7099830070375
2025-11-06 01:00:00+00:00,West,Solar,22.32023872716402,19.314451248144653,25.168400971321137
2025-11-06 02:00:00+00:00,West,Solar,27.431166946361046,22.553389287727033,28.85272252344117
2025-11-06 03:00:00+00:00,West,Solar,30.992000563307478,24.67444792799089,31.99153934688616
2025-11-06 04:00:00+00:00,West,Solar,35.280819585066624,29.4833595822472,36.684610035631124
2025-11-06 05:00:00+00:00,West,Solar,37.15851058746468,29.700293751036757,39.5034602840381
2025-11-06 06:00:00+00:00,West,Solar,37.750353952607725,29.901170178326804,39.58196594984403
2025-11-06 07:00:00+00:00,West,Solar,38.03976542162519,30.10241888907244,39.686752571672976
2025-11-06 08:00:00+00:00,West,Solar,35.463284071449266,29.85838890678231,38.88820894966908
2025-11-06 09:00:00+00:00,West,Solar,31.5530847661253,27.428810463825418,34.01243905968646
2025-11-06 10:00:00+00:00,West,Solar,27.838232446918344,24.89803332033402,28.986187800092367
2025-11-06 11:00:00+00:00,West,Solar,20.695542824402796,18.61462930845276,24.65728549763947
2025-11-06 12:00:00+00:00,West,Solar,18.44059374931331,15.443904310144882,21.20138179587792
2025-11-06 13:00:00+00:00,West,Solar,17.34019178621018,14.156477669104294,19.417607488943464
2025-11-06 14:00:00+00:00,West,Solar,17.772675584396065,15.54935616874027,19.94419743646133
2025-11-06 15:00:00+00:00,West,Solar,17.501468067493388,14.31287885805114,19.26878633003474
2025-11-06 16:00:00+00:00,West,Solar,17.390924026209657,15.703840122045749,19.476176442213347
2025-11-06 17:00:00+00:00,West,Solar,17.199297199365855,15.564723150412263,19.72426415341621
2025-11-06 18:00:00+00:00,West,Solar,17.744922273841677,14.885906124254028,19.778448837410636
2025-11-06 19:00:00+00:00,West,Solar,17.052615605354635,15.307108090198536,20.189906671572395
2025-11-06 20:00:00+00:00,West,Solar,17.350429806321607,14.758922543665088,19.361531302531237
2025-11-06 21:00:00+00:00,West,Solar,16.782449915783644,15.198837291051765,19.796001964436456
2025-11-06 22:00:00+00:00,West,Solar,17.473013296360776,15.073716230078004,19.64660227280395
2025-11-06 23:00:00+00:00,West,Solar,17.109210129335832,15.140649473183572,20.086896348131592
2025-11-07 00:00:00+00:00,West,Solar,18.51088723439714,15.652026422280445,21.29253953383912
2025-11-07 01:00:00+00:00,West,Solar,23.460758612736292,19.935700050787993,26.062467451937636
2025-11-07 02:00:00+00:00,West,Solar,25.12779830842924,21.898969898924403,27.498121991005565
2025-11-07 03:00:00+00:00,West,Solar,28.047593100418393,24.61002963627875,30.85260719866169
2025-11-07 04:00:00+00:00,West,Solar,30.671004516924157,26.644076743430258,32.02604834300365
2025-11-07 05:00:00+00:00,West,Solar,32.78372583143311,29.214411623380546,34.937221998154094
2025-11-07 06:00:00+00:00,West,Solar,35.57294439704469,29.86124862813465,36.56426457571325
2025-11-07 07:00:00+00:00,West,Solar,36.23323263626595,30.262437690853762,37.65653201708949
2025-11-07 08:00:00+00:00,West,Solar,29.97882163543261,25.719407000293135,30.665857427151153
2025-11-07 09:00:00+00:00,West,Solar,27.953910295468795,25.23964431791726,29.381832533374133
2025-11-07 10:00:00+00:00,West,Solar,26.30771622892738,23.729631652812387,27.75149781094868
2025-11-07 11:00:00+00:00,West,Solar,20.342874222328035,19.943509597107322,24.867493058861196
2025-11-07 12:00:00+00:00,West,Solar,17.903929240053817,16.40024279709282,22.354769673491525
2025-11-07 13:00:00+00:00,West,Solar,17.354264582249176,15.736370243071548,19.98257338211289
2025-11-07 14:00:00+00:00,West,Solar,17.651665608585514,15.515481367387613,19.616553106303318
2025-11-07 15:00:00+00:00,West,Solar,17.146945125070914,16.852532724913534,20.700776479208866
2025-11-07 16:00:00+00:00,West,Solar,16.876800482811216,16.872674438911506,20.780444472260086
2025-11-07 17:00:00+00:00,West,Solar,16.850471825128455,16.290552576993893,20.707592427719973
2025-11-07 18:00:00+00:00,West,Solar,17.1199213066288,16.55377415221423,20.746200475069337
2025-11-07 19:00:00+00:00,West,Solar,16.78369422129516,15.225932687132458,20.153134182085328
2025-11-07 20:00:00+00:00,West,Solar,16.690212834144624,14.314122364093521,19.1973276725669
2025-11-07 21:00:00+00:00,West,Solar,18.49032899710687,17.110477197079906,22.240288482195496
2025-11-07 22:00:00+00:00,West,Solar,16.953360939713956,16.09583078366434,20.7097789730924
2025-11-07 23:00:00+00:00,West,Solar,16.229170080170448,14.275700383263672,19.246321510985396
2025-11-01 00:00:00+00:00,North,Wind,23.440718228282954,19.644263630735985,26.370017331721314
2025-11-01 01:00:00+00:00,North,Wind,23.224446516955403,19.51802277860861,25.84676466984263
2025-11-01 02:00:00+00:00,North,Wind,23.23221157044387,19.51165853249359,25.971145522891618
2025-11-01 03:00:00+00:00,North,Wind,23.40743876168608,19.51165853249359,26.29025491201851
2025-11-01 04:00:00+00:00,North,Wind,22.14942569740557,18.311866940313173,25.69155914461119
2025-11-01 05:00:00+00:00,North,Wind,22.105747554263253,18.346685866952683,25.702999695663998
2025-11-01 06:00:00+00:00,North,Wind,20.97721007284,17.292839531286212,24.479165814736227
2025-11-01 07:00:00+00:00,North,Wind,19.798249162146696,17.48702851754049,24.011250351464906
2025-11-01 08:00:00+00:00,North,Wind,18.581006661455678,14.62379379442246,22.07603868603661
2025-11-01 09:00:00+00:00,North,Wind,17.977577993233446,15.397755697453926,22.251876592837053
2025-11-01 10:00:00+00:00,North,Wind,17.354095550959485,14.460601159704792,20.568147636410735
2025-11-01 11:00:00+00:00,North,Wind,17.350253385803452,12.905241331065818,19.28345897997934
2025-11-01 12:00:00+00:00,North,Wind,17.579116071567977,14.352909885439866,20.170996090605012
2025-11-01 13:00:00+00:00,North,Wind,18.05114276208413,14.677562780271467,19.66665932648121
2025-11-01 14:00:00+00:00,North,Wind,16.902943253417792,12.543156782831618,18.59495730092077
2025-11-01 15:00:00+00:00,North,Wind,18.885551561365933,15.552145583013898,21.085284278396145
2025-11-01 16:00:00+00:00,North,Wind,17.597037554298904,14.699526095096552,21.45038724205518
2025-11-01 17:00:00+00:00,North,Wind,19.227221329426573,16.24095531470846,21.885043810563463
2025-11-01 18:00:00+00:00,North,Wind,21.053716292435716,17.037507229035548,22.17157941420524
2025-11-01 19:00:00+00:00,North,Wind,21.239379260917524,17.303707102287703,22.01382366704115
2025-11-01 20:00:00+00:00,North,Wind,21.649358234566506,17.788807862324948,23.44059122574129
2025-11-01 21:00:00+00:00,North,Wind,22.246464335054203,18.43490683301206,23.79807047070001
2025-11-01 22:00:00+00:00,North,Wind,23.04434453619177,19.397940930722882,25.1478789597595
2025-11-01 23:00:00+00:00,North,Wind,23.089150120232883,19.74875466346186,25.72478484361733
2025-11-02 00:00:00+00:00,North,Wind,23.483763081969236,19.653163744608364,25.759983610098043
2025-11-02 01:00:00+00:00,North,Wind,23.0067854602131,19.701806214232615,25.27157128512858
2025-11-02 02:00:00+00:00,North,Wind,23.12141013736805,19.67014281595434,25.35723485557904
2025-11-02 03:00:00+00:00,North,Wind,22.820155884957884,19.417965299333826,25.611057724831653
2025-11-02 04:00:00+00:00,North,Wind,21.673197468377687,18.654632693915058,24.84204899639237
2025-11-02 05:00:00+00:00,North,Wind,20.144514699525548,18.168454564908576,22.485400005651552
2025-11-02 06:00:00+00:00,North,Wind,19.313573873673803,16.959140123070366,23.18557499314939
2025-11-02 07:00:00+00:00,North,Wind,19.10247183411509,16.02699563928673,22.19559539320936
2025-11-02 08:00:00+00:00,North,Wind,18.120954067350844,16.108510653141053,22.16051051422069
2025-11-02 09:00:00+00:00,North,Wind,16.54562167953203,14.806963153590655,20.609337348967895
2025-11-02 10:00:00+00:00,North,Wind,16.821249325895277,13.699205005670471,18.96237263505625
2025-11-02 11:00:00+00:00,North,Wind,16.68052583117678,13.570588379144,19.166230199904945
2025-11-02 12:00:00+00:00,North,Wind,16.73427940836509,13.057785964005447,19.050305154468116
2025-11-02 13:00:00+00:00,North,Wind,17.096242829816784,14.365087393980815,19.4405194987991
2025-11-02 14:00:00+00:00,North,Wind,16.77465204454212,13.051383109917309,18.299247946304817
2025-11-02 15:00:00+00:00,North,Wind,18.295021093882028,14.822497148032744,20.86272964800338
2025-11-02 16:00:00+00:00,North,Wind,17.696270081008695,14.919576272900809,19.202596346602203
2025-11-02 17:00:00+00:00,North,Wind,18.19337797651991,15.382984407593476,20.8523750299485
2025-11-02 18:00:00+00:00,North,Wind,18.94978238327441,16.582211522397028,21.015536274112215
2025-11-02 19:00:00+00:00,North,Wind,19.299441772530404,16.57281913683439,22.35335053481815
2025-11-02 20:00:00+00:00,North,Wind,21.928103901954177,18.754990624269293,23.03319374249438
2025-11-02 21:00:00+00:00,North,Wind,22.63199885772784,19.056693388431956,23.684950596823818
2025-11-02 22:00:00+00:00,North,Wind,23.156851134862173,19.410897495551964,24.841874162586002
2025-11-02 23:00:00+00:00,North,Wind,23.02441714205586,19.482681716378313,24.830526473726003
2025-11-03 00:00:00+00:00,North,Wind,23.270314427354947,19.534603483932752,25.661357108541527
2025-11-03 01:00:00+00:00,North,Wind,23.050725048225903,19.588613947459216,24.635958459518733
2025-11-03 02:00:00+00:00,North,Wind,22.88644969578519,19.503154945974646,24.22376246293473
2025-11-03 03:00:00+00:00,North,Wind,22.800563627632805,19.243778599603587,24.59992249609725
2025-11-03 04:00:00+00:00,North,Wind,21.808145966077532,18.294064407081887,24.5804323974221
2025-11-03 05:00:00+00:00,North,Wind,21.506247405649344,18.36248010051732,23.666612853464184
2025-11-03 06:00:00+00:00,North,Wind,19.052339889832464,16.78995780738411,22.13339505462209
2025-11-03 07:00:00+00:00,North,Wind,19.06183187288232,16.554002586779404,21.67816808644142
2025-11-03 08:00:00+00:00,North,Wind,17.997034118921636,15.438530487673802,20.783658179244316
2025-11-03 09:00:00+00:00,North,Wind,16.821459829036666,13.851518430159256,19.97653277360525
2025-11-03 10:00:00+00:00,North,Wind,16.35032502557593,13.972373602097964,20.09157586195156
2025-11-03 11:00:00+00:00,North,Wind,16.019522791437122,13.126702885307111,19.082855396178882
2025-11-03 12:00:00+00:00,North,Wind,16.903976799489328,14.837941089912926,19.99852059336981
2025-11-03 13:00:00+00:00,North,Wind,16.810679679041456,14.220548298497718,19.904650493860725
2025-11-03 14:00:00+00:00,North,Wind,15.830589804586506,13.234602090403882,18.91722076721865
2025-11-03 15:00:00+00:00,North,Wind,17.22454224910523,14.789067357295869,20.45901716760194
2025-11-03 16:00:00+00:00,North,Wind,17.428508041963823,14.793975848860553,19.623677316552435
2025-11-03 17:00:00+00:00,North,Wind,19.21571679336991,17.084258400992713,22.414557377730947
2025-11-03 18:00:00+00:00,North,Wind,21.434269790657304,17.862376019023067,22.42321176963683
2025-11-03 19:00:00+00:00,North,Wind,20.372952212681565,17.42665640947791,22.145110054403286
2025-11-03 20:00:00+00:00,North,Wind,22.123841138914532,18.921448040469095,22.561474530957323
2025-11-03 21:00:00+00:00,North,Wind,23.27409747575153,18.493689764648906,24.33835087028148
2025-11-03 22:00:00+00:00,North,Wind,23.33358964382316,18.679980921282993,25.58732712511852
2025-11-03 23:00:00+00:00,North,Wind,23.69311360833264,19.569499575408766,25.26029304139624
2025-11-04 00:00:00+00:00,North,Wind,23.14907870457525,19.776084968719744,25.115657450435798
2025-11-04 01:00:00+00:00,North,Wind,23.42241346851658,19.6555082016605,24.83788828518008
2025-11-04 02:00:00+00:00,North,Wind,22.763072366689563,18.662231301464214,24.155856139400306
2025-11-04 03:00:00+00:00,North,Wind,22.533266177674022,19.57923932328585,24.357397591622565
2025-11-04 04:00:00+00:00,North,Wind,22.05446540148038,19.403851076125484,24.497700997225333
2025-11-04 05:00:00+00:00,North,Wind,21.34931532744993,19.373618184579982,23.330408533956582
2025-11-04 06:00:00+00:00,North,Wind,19.830111642771826,16.815182597673036,22.55107442170456
2025-11-04 07:00:00+00:00,North,Wind,19.70049597244827,16.20697896886344,21.853693139423612
2025-11-04 08:00:00+00:00,North,Wind,19.34059622794138,15.365863695355253,20.90104187159981
2025-11-04 09:00:00+00:00,North,Wind,18.266515629723308,15.37659076964823,21.071649612933673
2025-11-04 10:00:00+00:00,North,Wind,17.969811521945896,14.503232279908369,20.440899558068025
2025-11-04 11:00:00+00:00,North,Wind,17.675430631874182,14.594709601043654,20.03008359269197
2025-11-04 12:00:00+00:00,North,Wind,17.124919469619744,14.105068990088217,19.445318695818532
2025-11-04 13:00:00+00:00,North,Wind,17.28463407819305,14.288198486987515,20.060980842205222
2025-11-04 14:00:00+00:00,North,Wind,16.977453495965584,13.990326368708976,19.219733875875182
2025-11-04 15:00:00+00:00,North,Wind,18.165254669042817,14.883711526146094,20.865099397971044
2025-11-04 16:00:00+00:00,North,Wind,19.004192450443252,15.376991615699321,20.376220141503154
2025-11-04 17:00:00+00:00,North,Wind,20.098219403874896,16.148198905292745,22.031879237805253
2025-11-04 18:00:00+00:00,North,Wind,21.16193897930782,18.792705560070324,22.16002982013984
2025-11-04 19:00:00+00:00,North,Wind,20.653272359570103,17.986457484429284,22.60241706598892
2025-11-04 20:00:00+00:00,North,Wind,22.020616191199274,19.105383228312448,23.5205333589127
2025-11-04 21:00:00+00:00,North,Wind,22.519446449949285,19.50966837162018,23.678457635159173
2025-11-04 22:00:00+00:00,North,Wind,23.454297180835418,19.416287573089374,25.108902488644016
2025-11-04 23:00:00+00:00,North,Wind,23.777656924485395,19.438608403066908,25.480381194319477
2025-11-05 00:00:00+00:00,North,Wind,23.550327388867817,19.6710861600303,25.862923738783785
2025-11-05 01:00:00+00:00,North,Wind,23.583165795182776,19.476337850502183,25.15682249767126
2025-11-05 02:00:00+00:00,North,Wind,23.096246017956183,19.48049604519745,25.16401529935439
2025-11-05 03:00:00+00:00,North,Wind,22.629207812888545,18.532070053334674,25.37287100244499
2025-11-05 04:00:00+00:00,North,Wind,22.432536177801076,19.280141509116927,24.95766911418167
2025-11-05 05:00:00+00:00,North,Wind,22.025043690893,19.25462417181999,25.359513579879614
2025-11-05 06:00:00+00:00,North,Wind,20.84867736184924,18.365840285435766,22.89273622347275
2025-11-05 07:00:00+00:00,North,Wind,18.337691082043747,16.203025767096253,21.303165224365866
2025-11-05 08:00:00+00:00,North,Wind,18.965946369387265,16.274731698975437,22.11526106784025
2025-11-05 09:00:00+00:00,North,Wind,17.629420775800654,14.73470157036087,20.576927805050676
2025-11-05 10:00:00+00:00,North,Wind,17.608757884959413,15.089173872948214,20.525547384335525
2025-11-05 11:00:00+00:00,North,Wind,17.334242281532717,14.260699137241243,19.6095682869926
2025-11-05 12:00:00+00:00,North,Wind,16.99346754405169,13.931895747828353,19.470872701521685
2025-11-05 13:00:00+00:00,North,Wind,17.768328357424814,13.979983226923157,19.868895456339743
2025-11-05 14:00:00+00:00,North,Wind,16.888537239596538,14.323591978488466,19.415374300551488
2025-11-05 15:00:00+00:00,North,Wind,17.9035622995021,14.934240291243388,21.337565691401085
2025-11-05 16:00:00+00:00,North,Wind,18.44782662279905,15.359992747854745,21.34220593697922
2025-11-05 17:00:00+00:00,North,Wind,18.472188393152397,15.530934029248517,20.783807728316326
2025-11-05 18:00:00+00:00,North,Wind,20.7461788807876,16.85026694530773,22.685848820547033
2025-11-05 19:00:00+00:00,North,Wind,21.109014913103458,18.324847617650423,22.688615734016665
2025-11-05 20:00:00+00:00,North,Wind,21.649838877898187,17.5784103155876,23.282936558168753
2025-11-05 21:00:00+00:00,North,Wind,23.152778999130923,19.123714207570917,24.60379188448025
2025-11-05 22:00:00+00:00,North,Wind,23.935570843607692,19.514525121086937,25.0793427784568
2025-11-05 23:00:00+00:00,North,Wind,23.045091791304515,19.549808681436602,25.33860210929823
2025-11-06 00:00:00+00:00,North,Wind,23.2780582177581,19.445733623853915,25.200989621192598
2025-11-06 01:00:00+00:00,North,Wind,23.417039072568407,19.301021796758157,25.798176804666014
2025-11-06 02:00:00+00:00,North,Wind,23.330463400064055,19.239776129562248,25.102368721787965
2025-11-06 03:00:00+00:00,North,Wind,22.983843896287674,19.096720822438083,25.50202855299579
2025-11-06 04:00:00+00:00,North,Wind,23.044965826570333,19.29988420424792,25.680263358704845
2025-11-06 05:00:00+00:00,North,Wind,22.18915834462562,19.399962162799692,25.125933182754714
2025-11-06 06:00:00+00:00,North,Wind,22.302376726152332,18.788390624021005,23.478269761017692
2025-11-06 07:00:00+00:00,North,Wind,20.689331267056605,17.054807189045757,23.26552615807277
2025-11-06 08:00:00+00:00,North,Wind,18.73257491539265,16.291191395014074,21.272521438066967
2025-11-06 09:00:00+00:00,North,Wind,19.28914002436637,16.08070605180403,21.929411133093122
2025-11-06 10:00:00+00:00,North,Wind,18.55227452950029,15.409949132310915,21.1677020836263
2025-11-06 11:00:00+00:00,North,Wind,17.832667922718045,14.72186063126874,19.6959027911484
2025-11-06 12:00:00+00:00,North,Wind,17.77046024740837,14.783283426042436,19.87757323147225
2025-11-06 13:00:00+00:00,North,Wind,17.485539142858507,14.620618864801008,19.333891244003258
2025-11-06 14:00:00+00:00,North,Wind,17.664945650131095,14.745747239194003,19.695098459163532
2025-11-06 15:00:00+00:00,North,Wind,19.30697087254266,15.934538002115778,20.46369148241963
2025-11-06 16:00:00+00:00,North,Wind,19.334836217684327,16.355568378177917,21.655552200688142
2025-11-06 17:00:00+00:00,North,Wind,20.16507155832416,16.000917966705828,21.75972852421922
2025-11-06 18:00:00+00:00,North,Wind,21.890369114383052,17.834834679881613,22.790179182520873
2025-11-06 19:00:00+00:00,North,Wind,21.48921028231724,16.932486125113908,23.044479327217392
2025-11-06 20:00:00+00:00,North,Wind,22.459557111755725,19.039994498657656,24.050520601509835
2025-11-06 21:00:00+00:00,North,Wind,22.64542618716128,19.061626316353628,24.9791879582129
2025-11-06 22:00:00+00:00,North,Wind,23.48088182547523,19.54254460898184,25.208000599255612
2025-11-06 23:00:00+00:00,North,Wind,22.9478657039576,19.56741747042656,25.427291492941713
2025-11-07 00:00:00+00:00,North,Wind,23.242053452435687,19.543477081304122,25.5126680101502
2025-11-07 01:00:00+00:00,North,Wind,23.14873024307773,19.493688447732506,25.61773846485224
2025-11-07 02:00:00+00:00,North,Wind,23.00278135139332,19.424343732363933,25.533701691626977
2025-11-07 03:00:00+00:00,North,Wind,23.245910145209496,19.252942194995043,25.376360977550874
2025-11-07 04:00:00+00:00,North,Wind,22.481532635991506,19.386828377827904,25.193804613246098
2025-11-07 05:00:00+00:00,North,Wind,21.476598374211587,17.977010170685876,24.362823993386687
2025-11-07 06:00:00+00:00,North,Wind,21.322313623858005,18.961821835440805,23.51034692483715
2025-11-07 07:00:00+00:00,North,Wind,19.934225283449038,17.602277313685587,21.97783867372252
2025-11-07 08:00:00+00:00,North,Wind,17.933117938043328,16.4040023435456,21.922433627658926
2025-11-07 09:00:00+00:00,North,Wind,18.838167961046473,16.46439400077398,21.41246127021449
2025-11-07 10:00:00+00:00,North,Wind,17.411513861369247,14.638981326164208,19.593998317846115
2025-11-07 11:00:00+00:00,North,Wind,16.690803480411624,14.037968032971206,19.137885517181928
2025-11-07 12:00:00+00:00,North,Wind,16.713448543294014,13.802539503582953,19.199070208887864
2025-11-07 13:00:00+00:00,North,Wind,18.00047672122767,15.072874748366845,19.665161764114572
2025-11-07 14:00:00+00:00,North,Wind,17.255992836541314,13.924048702511655,18.948914156351332
2025-11-07 15:00:00+00:00,North,Wind,19.325320821466043,15.515891552570965,21.33491510023953
2025-11-07 16:00:00+00:00,North,Wind,18.583527586014707,15.130674339855844,20.414837611110624
2025-11-07 17:00:00+00:00,North,Wind,19.077552830304597,15.872407840002872,21.616217781682547
2025-11-07 18:00:00+00:00,North,Wind,21.177776006736554,18.595241340079006,22.079732027190552
2025-11-07 19:00:00+00:00,North,Wind,21.14845755418397,19.008723368896828,22.395692238896586
2025-11-07 20:00:00+00:00,North,Wind,21.74182616878801,19.13526726871497,23.31881827877811
2025-11-07 21:00:00+00:00,North,Wind,22.213841884212204,19.357534433756747,23.46773995804226
2025-11-07 22:00:00+00:00,North,Wind,22.078034219114254,19.659704774189375,24.310546879734208
2025-11-07 23:00:00+00:00,North,Wind,22.42363958796044,19.633811608770696,24.196814668623404
2025-11-01 00:00:00+00:00,West,Wind,21.895224318022066,17.74280805593732,23.47176353160155
2025-11-01 01:00:00+00:00,West,Wind,21.945075508440198,19.142484077344818,24.74140095493864
2025-11-01 02:00:00+00:00,West,Wind,21.766923815150548,19.32099898557267,24.281602227430245
2025-11-01 03:00:00+00:00,West,Wind,21.775340196387596,18.25764527015756,24.613744520366332
2025-11-01 04:00:00+00:00,West,Wind,19.33840821098135,16.13688080919741,23.65502094229843
2025-11-01 05:00:00+00:00,West,Wind,19.5578563019948,16.941777073517333,21.808418929551685
2025-11-01 06:00:00+00:00,West,Wind,19.449108834562832,16.780617876907755,22.18179000607326
2025-11-01 07:00:00+00:00,West,Wind,17.727690601551924,15.638064477447877,22.021427189626298
2025-11-01 08:00:00+00:00,West,Wind,17.268946244474318,15.510031421485358,21.595192289321684
2025-11-01 09:00:00+00:00,West,Wind,17.10960142917964,15.439922757990221,20.280917682778014
2025-11-01 10:00:00+00:00,West,Wind,16.118571369083938,14.081653079761846,19.746556731460107
2025-11-01 11:00:00+00:00,West,Wind,17.329235606088094,14.645401709144455,20.442557605926492
2025-11-01 12:00:00+00:00,West,Wind,16.613030965423164,14.663630331549603,19.280274565084664
2025-11-01 13:00:00+00:00,West,Wind,16.695113877764232,13.498012944624563,19.678162783228732
2025-11-01 14:00:00+00:00,West,Wind,16.115462557420145,14.102722160480461,19.748956273972627
2025-11-01 15:00:00+00:00,West,Wind,16.9498161606838,13.60246668832615,18.98613285133585
2025-11-01 16:00:00+00:00,West,Wind,16.91305443644961,14.785156784875456,20.045764837524437
2025-11-01 17:00:00+00:00,West,Wind,17.262809456172697,14.875722258817968,20.70101329928417
2025-11-01 18:00:00+00:00,West,Wind,19.478662396197336,16.758494308276994,21.829068816615198
2025-11-01 19:00:00+00:00,West,Wind,20.51433022017088,18.22142965400824,22.653179419377153
2025-11-01 20:00:00+00:00,West,Wind,20.83314382577805,18.30822859187282,23.696134000274323
2025-11-01 21:00:00+00:00,West,Wind,21.445023737618186,18.141885212692415,23.574795967301206
2025-11-01 22:00:00+00:00,West,Wind,21.86525658048113,18.869403110878533,23.889998065965855
2025-11-01 23:00:00+00:00,West,Wind,21.398016313122998,17.916559695313694,22.965545242170762
2025-11-02 00:00:00+00:00,West,Wind,21.470304576868717,18.18659153987497,23.36268851294145
2025-11-02 01:00:00+00:00,West,Wind,21.592864313050214,19.021463482000556,23.564973442174487
2025-11-02 02:00:00+00:00,West,Wind,20.691276802432906,19.043225081161033,23.055234652780477
2025-11-02 03:00:00+00:00,West,Wind,20.75958236368197,18.605336786811765,22.623272080841986
2025-11-02 04:00:00+00:00,West,Wind,19.548569778252606,18.23424387601921,22.247880468776444
2025-11-02 05:00:00+00:00,West,Wind,18.561968019664878,16.488321864863757,21.2900076999691
2025-11-02 06:00:00+00:00,West,Wind,19.07164889552975,15.92262605277985,21.22605194538797
2025-11-02 07:00:00+00:00,West,Wind,18.028082954934238,16.04729269120612,20.4320578537878
2025-11-02 08:00:00+00:00,West,Wind,17.315653678091824,14.545636467084915,19.57741634092254
2025-11-02 09:00:00+00:00,West,Wind,16.772553791049827,13.892133457890273,19.50094664843432
2025-11-02 10:00:00+00:00,West,Wind,16.363542732889556,13.04014409238974,18.903367401735387
2025-11-02 11:00:00+00:00,West,Wind,16.58394526711366,13.123430085568982,19.25897820539575
2025-11-02 12:00:00+00:00,West,Wind,16.935738817735206,14.169361775379173,19.61372610739702
2025-11-02 13:00:00+00:00,West,Wind,16.532732314510124,13.116546925362115,18.84886709677799
2025-11-02 14:00:00+00:00,West,Wind,16.215614297191625,13.290962126061334,19.49955346924276
2025-11-02 15:00:00+00:00,West,Wind,16.95483890083914,13.380240319320489,19.5588200697852
2025-11-02 16:00:00+00:00,West,Wind,17.303629546895966,13.569524496698829,19.52430293533652
2025-11-02 17:00:00+00:00,West,Wind,17.744109519739645,15.118406262183113,20.714819066683138
2025-11-02 18:00:00+00:00,West,Wind,18.13073116502802,15.302783707441064,20.607293626475222
2025-11-02 19:00:00+00:00,West,Wind,19.149494564395344,17.21936448404189,21.862096738306047
2025-11-02 20:00:00+00:00,West,Wind,21.058201936980453,18.160857919961924,23.369802258085237
2025-11-02 21:00:00+00:00,West,Wind,21.038203737268965,18.39254036779414,23.267755127725056
2025-11-02 22:00:00+00:00,West,Wind,21.317085536859913,18.918689353248283,23.401006535249888
2025-11-02 23:00:00+00:00,West,Wind,21.04026306310421,18.445324936423063,23.20301385764186
2025-11-03 00:00:00+00:00,West,Wind,21.003321262622674,18.59705559981037,23.72305826789663
2025-11-03 01:00:00+00:00,West,Wind,21.185527425655767,18.584663012868454,23.471910031845876
2025-11-03 02:00:00+00:00,West,Wind,20.47637458991396,18.56400864459117,22.966843263831343
2025-11-03 03:00:00+00:00,West,Wind,20.58830351213482,18.259900557930454,22.842724606647113
2025-11-03 04:00:00+00:00,West,Wind,20.48285493286488,17.574929758651695,22.43322102348894
2025-11-03 05:00:00+00:00,West,Wind,20.210287330870944,17.61606760301466,22.21051363559149
2025-11-03 06:00:00+00:00,West,Wind,20.161136028630462,17.511839199847046,22.09737314538394
2025-11-03 07:00:00+00:00,West,Wind,19.042714012768947,16.927256009299253,21.16198791072883
2025-11-03 08:00:00+00:00,West,Wind,17.32772187817321,13.991065392860975,19.17383624407666
2025-11-03 09:00:00+00:00,West,Wind,16.69838969248382,13.82718898736828,19.224469450359823
2025-11-03 10:00:00+00:00,West,Wind,16.688908830768092,12.907695806434567,19.63215452873567
2025-11-03 11:00:00+00:00,West,Wind,16.01157287972045,13.063649337933347,19.21764043999069
2025-11-03 12:00:00+00:00,West,Wind,16.08716150375128,13.391619960620337,19.20907279091887
2025-11-03 13:00:00+00:00,West,Wind,16.30013419475345,13.436012528498313,19.295006024590766
2025-11-03 14:00:00+00:00,West,Wind,16.869399918702115,13.553148897601417,19.737915206923542
2025-11-03 15:00:00+00:00,West,Wind,17.109927581354516,13.555956728492674,19.641060721485644
2025-11-03 16:00:00+00:00,West,Wind,17.936579839360753,15.342460797750393,20.351927663035127
2025-11-03 17:00:00+00:00,West,Wind,17.012949969759664,14.697953992506195,19.81404237917901
2025-11-03 18:00:00+00:00,West,Wind,19.088025958759772,16.86369538229356,22.182278878883427
2025-11-03 19:00:00+00:00,West,Wind,19.591595215854465,17.32026177499115,23.30843103169832
2025-11-03 20:00:00+00:00,West,Wind,19.941023025824176,17.70725911925406,23.20641720764631
2025-11-03 21:00:00+00:00,West,Wind,21.09218106951804,18.63606983162441,24.0132563067686
2025-11-03 22:00:00+00:00,West,Wind,21.2712362408681,18.396613405282242,23.79756976350552
2025-11-03 23:00:00+00:00,West,Wind,20.96506207651374,18.405280634151808,23.985597947381663
2025-11-04 00:00:00+00:00,West,Wind,21.757754568478905,18.69032198511192,23.927166040660772
2025-11-04 01:00:00+00:00,West,Wind,21.376259424080704,18.71370976641002,23.628364981445646
2025-11-04 02:00:00+00:00,West,Wind,20.44812786472862,17.5546481022364,21.99003981396797
2025-11-04 03:00:00+00:00,West,Wind,20.85409421885609,18.448207600683954,22.868533462627788
2025-11-04 04:00:00+00:00,West,Wind,20.432877421042175,18.158071703838388,23.165537559777484
2025-11-04 05:00:00+00:00,West,Wind,20.32159566323487,17.390693619118398,22.39660555254365
2025-11-04 06:00:00+00:00,West,Wind,19.8418942841274,16.667988454319893,22.294271932411153
2025-11-04 07:00:00+00:00,West,Wind,19.396027584030435,16.434672327678964,21.777607017124964
2025-11-04 08:00:00+00:00,West,Wind,18.749305982559903,15.93469376060833,21.155854849079134
2025-11-04 09:00:00+00:00,West,Wind,18.3492421010198,15.224651178561821,21.13819920482865
2025-11-04 10:00:00+00:00,West,Wind,16.544812207804984,14.413279479603743,19.439356176018286
2025-11-04 11:00:00+00:00,West,Wind,16.709317679772923,14.111561200989346,19.81040105577914
2025-11-04 12:00:00+00:00,West,Wind,16.749039133290026,11.942626633546162,19.052505076944758
2025-11-04 13:00:00+00:00,West,Wind,16.938457950039243,13.363510947885452,19.30252336367104
2025-11-04 14:00:00+00:00,West,Wind,18.033025372769135,14.573195557169594,21.042465470073857
2025-11-04 15:00:00+00:00,West,Wind,17.400530204493645,14.795492394525054,20.389008684659828
2025-11-04 16:00:00+00:00,West,Wind,17.77534834532403,15.25428814368945,19.83314323495772
2025-11-04 17:00:00+00:00,West,Wind,17.812849456995128,14.828497037987141,20.283458685904243
2025-11-04 18:00:00+00:00,West,Wind,18.658123990552607,16.951108968164323,21.49458834102006
2025-11-04 19:00:00+00:00,West,Wind,19.472889560756357,16.580891395162656,22.15182719554908
2025-11-04 20:00:00+00:00,West,Wind,21.140852080107024,18.069336815346354,23.750351854407775
2025-11-04 21:00:00+00:00,West,Wind,21.44034003882358,17.93950711368252,23.38421683479218
2025-11-04 22:00:00+00:00,West,Wind,21.57853986835858,18.207297519565323,23.94060287207238
2025-11-04 23:00:00+00:00,West,Wind,21.283256781310424,18.198630290695757,24.05904253844295
2025-11-05 00:00:00+00:00,West,Wind,21.551034089617,18.324043531427805,23.997093192848777
2025-11-05 01:00:00+00:00,West,Wind,21.520289463429844,18.352538749876683,23.70657495209902
2025-11-05 02:00:00+00:00,West,Wind,20.838971598431222,18.3570774255885,22.954905784526908
2025-11-05 03:00:00+00:00,West,Wind,20.21199476868192,17.846923244810892,21.911705471332986
2025-11-05 04:00:00+00:00,West,Wind,19.99598136701908,18.18674054610332,22.186790985745446
2025-11-05 05:00:00+00:00,West,Wind,20.139142760522237,18.138422028157166,22.13440515433609
2025-11-05 06:00:00+00:00,West,Wind,19.418069992051247,17.067795336381653,21.4608606133367
2025-11-05 07:00:00+00:00,West,Wind,18.83458251377785,15.803608621639729,20.849469839570776
2025-11-05 08:00:00+00:00,West,Wind,17.807986417789884,16.85194264331718,21.475873478881898
2025-11-05 09:00:00+00:00,West,Wind,17.39178089200198,15.4864586544043,20.22491123268907
2025-11-05 10:00:00+00:00,West,Wind,16.59965521734389,14.326036616602797,19.69599133583112
2025-11-05 11:00:00+00:00,West,Wind,16.726323242094256,13.499998963629647,19.5217364168298
2025-11-05 12:00:00+00:00,West,Wind,17.601497100028237,13.679548574027608,19.272535384889867
2025-11-05 13:00:00+00:00,West,Wind,16.33099623156315,13.921746100078225,19.71731014454876
2025-11-05 14:00:00+00:00,West,Wind,16.918597752778073,14.12726638159281,19.256094652578376
2025-11-05 15:00:00+00:00,West,Wind,17.255244630070322,15.068056502962104,20.068137869533643
2025-11-05 16:00:00+00:00,West,Wind,17.931602300021616,15.586733494502145,20.16192797778211
2025-11-05 17:00:00+00:00,West,Wind,17.15157258158356,14.801525939911016,19.957227882628764
2025-11-05 18:00:00+00:00,West,Wind,18.549831399962585,16.872799575102423,21.828848701127946
2025-11-05 19:00:00+00:00,West,Wind,19.048896054151005,17.511268995056458,22.75609787836322
2025-11-05 20:00:00+00:00,West,Wind,20.599018095534223,17.98134938287626,23.288289158446705
2025-11-05 21:00:00+00:00,West,Wind,21.925360491944765,18.61089226465719,23.411656852158778
2025-11-05 22:00:00+00:00,West,Wind,21.88479077880649,18.288962805823044,24.154550155789295
2025-11-05 23:00:00+00:00,West,Wind,21.675951890188788,18.43367600860309,23.974780495915155
2025-11-06 00:00:00+00:00,West,Wind,21.7883549898236,18.01924013798765,23.156028277582553
2025-11-06 01:00:00+00:00,West,Wind,21.94441524921837,18.646048830056085,23.734631595124878
2025-11-06 02:00:00+00:00,West,Wind,21.619027761461705,18.50885492065472,23.488196898018188
2025-11-06 03:00:00+00:00,West,Wind,20.790456670454112,18.13619305893265,22.91197089253489
2025-11-06 04:00:00+00:00,West,Wind,20.207602073549374,17.883059380943763,22.223190899073188
2025-11-06 05:00:00+00:00,West,Wind,19.991396163420948,17.93593716721833,22.31454800929283
2025-11-06 06:00:00+00:00,West,Wind,18.797069112382758,16.195331472413816,20.795814705083735
2025-11-06 07:00:00+00:00,West,Wind,17.715588577252948,15.619723519429499,20.051158526124336
2025-11-06 08:00:00+00:00,West,Wind,16.99043277463534,15.201996969638483,19.599537699531407
2025-11-06 09:00:00+00:00,West,Wind,16.974787294926216,14.9526124045442,19.832799972592074
2025-11-06 10:00:00+00:00,West,Wind,15.858856618565484,14.506466183836574,19.672460802489056
2025-11-06 11:00:00+00:00,West,Wind,17.0122645946291,14.611281817883118,19.5784153954969
2025-11-06 12:00:00+00:00,West,Wind,16.43593003860436,14.07928598452836,20.008308936023372
2025-11-06 13:00:00+00:00,West,Wind,17.824178130401027,14.146567537651118,21.003542390743164
2025-11-06 14:00:00+00:00,West,Wind,16.432199198234066,14.839748107628377,19.84548647508781
2025-11-06 15:00:00+00:00,West,Wind,16.848175144712773,14.282232819186781,19.868001597491514
2025-11-06 16:00:00+00:00,West,Wind,17.289474890747353,14.879661395591347,19.889703138392978
2025-11-06 17:00:00+00:00,West,Wind,17.10692000151376,14.972379259073714,20.002493239253486
2025-11-06 18:00:00+00:00,West,Wind,18.70101651851256,16.939651638864895,21.361596329213818
2025-11-06 19:00:00+00:00,West,Wind,19.0231745244225,17.087238572778674,22.78579864152266
2025-11-06 20:00:00+00:00,West,Wind,20.591482096239694,17.30926446265858,23.25342344966141
2025-11-06 21:00:00+00:00,West,Wind,21.311208762813195,18.913932598560265,23.648545591470246
2025-11-06 22:00:00+00:00,West,Wind,21.402606822145565,18.50707791345384,23.655158702362428
2025-11-06 23:00:00+00:00,West,Wind,21.93909394144685,18.202393239219557,23.848094684063394
2025-11-07 00:00:00+00:00,West,Wind,21.618573905023414,18.71895333946444,24.005728939033506
2025-11-07 01:00:00+00:00,West,Wind,21.698201155802042,18.753153210131774,23.831863271855863
2025-11-07 02:00:00+00:00,West,Wind,20.905021611545283,18.368633709596757,23.100393929369
2025-11-07 03:00:00+00:00,West,Wind,20.601742915770767,18.17471349189345,22.99120095964526
2025-11-07 04:00:00+00:00,West,Wind,20.745468279229204,17.750474278247804,23.16908603323719
2025-11-07 05:00:00+00:00,West,Wind,19.995619443370927,17.011848509622002,21.596417059979892
2025-11-07 06:00:00+00:00,West,Wind,20.41610546402648,17.62908625735657,22.201144549420576
2025-11-07 07:00:00+00:00,West,Wind,20.067453648230643,17.781507641137583,21.995110265972503
2025-11-07 08:00:00+00:00,West,Wind,17.836435248638992,15.699933578351267,21.427317772955675
2025-11-07 09:00:00+00:00,West,Wind,17.443310653589283,14.851747946268448,21.013280889978844
2025-11-07 10:00:00+00:00,West,Wind,16.47099374546785,13.780922683102858,19.757514035287564
2025-11-07 11:00:00+00:00,West,Wind,15.50195366999063,14.216208236380638,20.406363313667185
2025-11-07 12:00:00+00:00,West,Wind,15.82190683539823,14.021252339448282,19.468806778458433
2025-11-07 13:00:00+00:00,West,Wind,16.504300235577432,14.85851693003892,20.459572545679862
2025-11-07 14:00:00+00:00,West,Wind,17.035568178090085,14.075061992220718,20.606979931370024
2025-11-07 15:00:00+00:00,West,Wind,16.403466540982993,13.58435411554637,19.322818834163996
2025-11-07 16:00:00+00:00,West,Wind,18.252067381747008,15.187852670183942,21.612704258007465
2025-11-07 17:00:00+00:00,West,Wind,16.87846364135302,14.838502326433408,20.661356327356224
2025-11-07 18:00:00+00:00,West,Wind,17.973437597250754,15.561042568198497,20.931369722758088
2025-11-07 19:00:00+00:00,West,Wind,18.52598823345493,16.168900409976963,21.36499004203929
2025-11-07 20:00:00+00:00,West,Wind,20.683208934076006,18.025353570589456,23.12458817577239
2025-11-07 21:00:00+00:00,West,Wind,21.440612412180926,18.943736853894443,22.940619595344558
2025-11-07 22:00:00+00:00,West,Wind,21.670859971158965,18.782532844351543,23.623526352496736
2025-11-07 23:00:00+00:00,West,Wind,22.14680289689867,18.867591912329146,23.700627887807226
